web_scraper_order,web_scraper_start_url,category-link-0,data,image,image2
"1761871380-1","https://www.framesbyvlad.eu/","https://www.framesbyvlad.eu/%D0%BD%D0%B0%D1%87%D0%B0%D0%BB%D0%BD%D0%B0-%D1%81%D1%82%D1%80%D0%B0%D0%BD%D0%B8%D1%86%D0%B0/%D0%B7%D0%B0%D0%B4-%D0%BA%D0%B0%D0%B4%D1%8A%D1%80","","",""
"1761871380-2","https://www.framesbyvlad.eu/","https://www.framesbyvlad.eu/%D0%BD%D0%B0%D1%87%D0%B0%D0%BB%D0%BD%D0%B0-%D1%81%D1%82%D1%80%D0%B0%D0%BD%D0%B8%D1%86%D0%B0/%D0%B7%D0%B0%D0%B4-%D0%BA%D0%B0%D0%B4%D1%8A%D1%80","","https://lh3.googleusercontent.com/sitesv/AAzXCkehJWzdIeCfaxv9fTejPufcUe0Mo4czcruxO6bc_QmwKwpR_nta5n0GL32rX3d-liofULq9gGTKJWEutfh4cpqHnTJijRbkHvoc4COKDQyb0hjncw8JkC-yH1tAkd3AUEK9ICmxo6Yw-3XkpA4faHOtR_q0_wRadNYoJHZ3Z9X8xVQtsdfPjJvo_VF8DIM-xIOfeA0AUjw_j3o5ymCiSt-1N1wQ1MRDswoG=w1280","https://lh3.googleusercontent.com/sitesv/AAzXCkevydTY9zAyNyTeLmCs6m3_hpEVBuBWhwzXvIfRtUIbAcnqAZ59JzWRDkp6GQB2v0u9V1H9hgB2NQFqr3yfaG13K7YyWglHzjIeFnbM8EOmaGVwuqa_4EsKF_QV8YQJ15cJhCxix66CK16rbP5ntORtgc4-yqT6udVXLkzC94ks07wDjUEBvaEyk4oAZ2rCml08TXSXQkD5s8g3qd9x48-KP_fqCQ4d8Nh3Ozo=w1280"
"1761871380-3","https://www.framesbyvlad.eu/","https://www.framesbyvlad.eu/%D0%BD%D0%B0%D1%87%D0%B0%D0%BB%D0%BD%D0%B0-%D1%81%D1%82%D1%80%D0%B0%D0%BD%D0%B8%D1%86%D0%B0/%D0%B7%D0%B0%D0%B4-%D0%BA%D0%B0%D0%B4%D1%8A%D1%80","","https://lh3.googleusercontent.com/sitesv/AAzXCkdFAdz17UgE5lFDHZIOsSpGXMXUo67Ffm6kjN18kpQpDphRRLPRdq-v3VJ0MVGSwoG1XTB5KGTyleFa3Iz_QDb54Vv6OtLazayvnk6yan3ZxnmUW-mLuRd_ZnzsCe8daNMf9XM7Jm1Cdth44fQmfNRYI05Wmc_titi7hheoWZhwlR7iBKPWh5cnpqweUBewiTcEKibJZlnaUaKvyGJwQePu1o6TyJdVTPl4XdI=w1280",""
"1761871380-4","https://www.framesbyvlad.eu/","https://www.framesbyvlad.eu/%D0%BD%D0%B0%D1%87%D0%B0%D0%BB%D0%BD%D0%B0-%D1%81%D1%82%D1%80%D0%B0%D0%BD%D0%B8%D1%86%D0%B0/%D0%B7%D0%B0%D0%B4-%D0%BA%D0%B0%D0%B4%D1%8A%D1%80","","https://lh3.googleusercontent.com/sitesv/AAzXCkcz0VoHDVweAvZ0M-vNW5nuGaYxquNMVCjggZwgLsm3MNXtZkqk3vCqicqLtfGQCgAo97IptV8Dw8exH4nWsAapcn8BF2-cobvf2TBntIxBqhjYBuTtBzrvX1BBp1SvfFsn5KYZ8h_bcrt788fdVw-Ld7OQGuJi0jj4ivlCSYwE_c-QBOUFQpkPhpifBRTZZmz5YoFdf1yweWrbzElrNtCh9L7nHhSo-4wt=w1280","https://lh3.googleusercontent.com/sitesv/AAzXCke0YnAlOVf9pM2CfJ-3T6N_9VS4CTANGZTAU59cpLHxdqcrCuDaB-th_IeE9TS94c6bcs_AVKIpfS8bXvA4JlDA5k1OAo-MNb3tsYJmGzREhABQvnIHKxB5gdz0QAPnuRnvQE68M6KbYz-dXQDdzAwtoXD5m2uDwwFe8iM5c5j2mN62xqtfNrW2fcCECmQaOEsHlE98K4vNjT58wOP5kZysUA350a2h8ci5FOA=w1280"
"1761871380-5","https://www.framesbyvlad.eu/","https://www.framesbyvlad.eu/%D0%BD%D0%B0%D1%87%D0%B0%D0%BB%D0%BD%D0%B0-%D1%81%D1%82%D1%80%D0%B0%D0%BD%D0%B8%D1%86%D0%B0/%D0%B7%D0%B0%D0%B4-%D0%BA%D0%B0%D0%B4%D1%8A%D1%80","","https://lh3.googleusercontent.com/sitesv/AAzXCkcUMCcrOJntk-hk1zds7fNG_4r1oTkjb41daZu2ZeIwBGvgW50KM0s-JF7l3Vt3LbCbbhD3c2Kv9FacehZkYkbSYnxApls9DOyOapSjBbROd9guXbCVMvXni40ZMgzC6f89SjA-YF9buaeYSJZSO8BdrGaejs2trzg9rD1Xj6AVcu1VuLLakch_xqwV0Z5VSQzUO-V9tN8Ezu2S1pVcAILI1IKwwtlESrGTEUY=w1280","https://lh3.googleusercontent.com/sitesv/AAzXCkdhlorracO0XRcMoOPJYKVK1v8i07Qf6gggZcvd2xGZpGkigpAky0OZnp6Mc9o3R8sckB98UkNvkoAqASmSEqh9NrO9LGA8lA7qh1JUzgUoEub-XnzbQVCUMSc0G6H6Cwy6asjB4_Q-3LUDBqcfaXTknJaHMeAdOEuR5kR8ewhiqWR1D7S-8FoFkfMTF5Rbf03JXDjBxBEPiZZFOjsBBb2e5YL8jj0NEfmL=w1280"
"1761871380-6","https://www.framesbyvlad.eu/","https://www.framesbyvlad.eu/%D0%BD%D0%B0%D1%87%D0%B0%D0%BB%D0%BD%D0%B0-%D1%81%D1%82%D1%80%D0%B0%D0%BD%D0%B8%D1%86%D0%B0/%D0%B7%D0%B0%D0%B4-%D0%BA%D0%B0%D0%B4%D1%8A%D1%80","","https://lh3.googleusercontent.com/sitesv/AAzXCkfa83jLhvesZlXR4wzE4r4_aNePBDrauWnpmuiS7C3ieF-_KGLEG6Xt69bxSt9H-VvejclNZ05bbg_IMmGaiFcUWCBXtc537C-vrx25q9nacyrpb0SHHdlFC1TjKQmq2C_KIqGtGGiZrTHN22OMFiS4HCd7oQ3Rt78rPj60Z200Pv4Kgj6yxGW1lHqeYayBl7gyoTd48UNFN2NbARryhl5zRYAA58J5Ibji=w1280","https://lh3.googleusercontent.com/sitesv/AAzXCkexsB0MZ30QqQHUuSW6BK16o06CUEz1blDBQ1gpn1njl0CE4Noh2qTO_qD5SphXML4qyXNpfLaqAp6mtD4tMvJ77anFBvVqKyyzYRRfh2pWxy-gHRQDfdzmA3JwVsBrq76qpfnmTyeERvwDTVa2A44usP3f-tqCJeF-1TTQDECkrq-F8eOEUvfyHPW_DFZXrz5OdAkY9vr6ssCG3Om-NRZkN5T-fgPYK1TpHww=w1280"
"1761871380-7","https://www.framesbyvlad.eu/","https://www.framesbyvlad.eu/%D0%BD%D0%B0%D1%87%D0%B0%D0%BB%D0%BD%D0%B0-%D1%81%D1%82%D1%80%D0%B0%D0%BD%D0%B8%D1%86%D0%B0/%D0%B7%D0%B0%D0%B4-%D0%BA%D0%B0%D0%B4%D1%8A%D1%80","","https://lh3.googleusercontent.com/sitesv/AAzXCkfD_x5-bVAt5_gnTLM4oNSh0eJ6t1I6GKzzG8XH5S1-aEgKcX5g3S8WMXCNALuXvB-TNPmsuB3vUkj8zusVySjz1hiAzkhrG1QIlvfliaWaOvFpd--G_PND-StxB-TPJ9SDpPT2Q4JhPVKW5g4MkMwBtzcY22EN-JF8E3Rls-OMW_pkLW4U2qB_vCEYNHd-ODrsILcOASyIkyTB4t73noMpSBGvieGjbW3OhaA=w1280","https://lh3.googleusercontent.com/sitesv/AAzXCkdI1JEtywyyy2UG_fRS6LRGmDH8cTXYmhQmFVfWv0GGhIbkqz0-5Vhdv-jivGFxrPGCF4PdDbQMz8B842GOg3wEvMEbEfJGsz02jU--ySKOuq0S4bG88xSN7LAJEUVrXQ94zUvaM4D7eWvNmrbd4hdqxFmdN45NMkpTiYFuS46EFRC8FJEeBA7-Dboawys7wZqJ_MZPs8pz9Gc7XruoXAYS0FbQZJ9ehcpM=w1280"
"1761871380-8","https://www.framesbyvlad.eu/","https://www.framesbyvlad.eu/%D0%BD%D0%B0%D1%87%D0%B0%D0%BB%D0%BD%D0%B0-%D1%81%D1%82%D1%80%D0%B0%D0%BD%D0%B8%D1%86%D0%B0/%D0%B7%D0%B0%D0%B4-%D0%BA%D0%B0%D0%B4%D1%8A%D1%80","","https://lh3.googleusercontent.com/sitesv/AAzXCkejiQ8NAMHAmOsoqSPfGQb1hc5W1njIEOvHDJlv14IPyjZYsfQNiG5CJpXxBvMgeG-OTYzNc4EMImHTdM1lqqb4gq8GrvBEdi9eTc-1k0Q5jFEmb97yfT6DftHgmaThPdCq560xcEBArnOoRB3ES337zPu-5itscBdW9gTvlZEVZLb7JVdJ0C5HyH5bYSillAgMNT5hd8EQyKwZeAakPptYua51yHna9uJtlR8=w1280","https://lh3.googleusercontent.com/sitesv/AAzXCkecsiQksfCJXAPluVe3IP-Q_bbSEgTfiIbvJ4r4zWXc1Oerr52H2ZokZpYpHjU2YH94xTYx6juDaY49fuj03yp6u9DLDrGWrdqX46U6VcBOr_6HnMwagiWnL1geWquD_7pwsXqQQJpdnbq8leL_Y3koThMlhE5JTJGyI1i58Eljf1c-z6DIPGsgDzsDi_gGNhPbw7pG9hoLMaTpWLqHoTSIBbqCjs2d8iDNYvA=w1280"
"1761871380-9","https://www.framesbyvlad.eu/","https://www.framesbyvlad.eu/%D0%BD%D0%B0%D1%87%D0%B0%D0%BB%D0%BD%D0%B0-%D1%81%D1%82%D1%80%D0%B0%D0%BD%D0%B8%D1%86%D0%B0/%D0%B7%D0%B0%D0%B4-%D0%BA%D0%B0%D0%B4%D1%8A%D1%80","","https://lh3.googleusercontent.com/sitesv/AAzXCkf5_8cc9vxL8brN4-2Yizl6uM0MvBFgVVuxPQbh1KCN86y3yHaBfuf5sViN0y7_nou7slwmyHKm4kFzA9iZHJh18UkKktNW8NJBj1ARPUePZSIuqAfkpksyQvT4dLJLg9BPkBB18LFu4x-wk4POIs5GCvdqGRUVopsSOTrujSqOFW1mDluS4TbA108J7AwO7D1bhfK6IKqakX177fiuiaIyxldHTo09fwCJg0U=w1280","https://lh3.googleusercontent.com/sitesv/AAzXCkfi27rh4eLGUPenUImtbyVlgIvory9R7MHetfa7iSGtyFU_lMcArL7zSg9--6S4U2p2ErKXATTdIj1Qq9AA3APfZ4YTrTyN1WL6_olYY15y5gvoKbNW84ZZiu7zch-4WqwFj-gtBWXrNwFprUDi7sDZUKoy2yVBvhItBtJJVv6Cv5rjfvfu0YoYJAihEjlB-zeDeuNRCHOXN2rr_UmxT1klllcejP8ZlWCe=w1280"
"1761871380-10","https://www.framesbyvlad.eu/","https://www.framesbyvlad.eu/%D0%BD%D0%B0%D1%87%D0%B0%D0%BB%D0%BD%D0%B0-%D1%81%D1%82%D1%80%D0%B0%D0%BD%D0%B8%D1%86%D0%B0/%D0%B7%D0%B0%D0%B4-%D0%BA%D0%B0%D0%B4%D1%8A%D1%80","","https://lh3.googleusercontent.com/sitesv/AAzXCkeqgHqvay_1VsvNsfLn0UGHi7NG6PQdbK7xUBTgFPu3es7ugq7QhAycztgRsh_cZXHo9I4UorNzoJB_tGF1Fj2UJ7dh8H7XqFlIwUAXfPNybykQfIWmg3FU9yh6omTN4WelpJQ3ZvQMHdXmjftix9Es-EKNyKeR2oAlffTPJb2XqR6BLg4qhCBmrnNoFYBLtUGSWiYGX5Yn1uEguzpsVYJNmTnxZgelPkaZ=w1280","https://lh3.googleusercontent.com/sitesv/AAzXCkevFQ1tW_HGitERHg-5EpJaRaCiybiO6-89gI5J24dZbzdHzfdP9_l9vUvtz1tb43N_4YksWB3qQ5CuAwckycyVxaH9QWEbErX6lgSPFUQa-vsGBLirlqtYzVQC7H0HwFN8JBVFg78-jWq4hZxPAP-lYQ4LCZ2ocUYrQTQ0mlnmpPnjN0TkFMdMbUCUdTu4wrBdZXhlxCuZavAJZhphkvepOoVFKf2qggcybHI=w1280"
"1761871380-11","https://www.framesbyvlad.eu/","https://www.framesbyvlad.eu/%D0%BD%D0%B0%D1%87%D0%B0%D0%BB%D0%BD%D0%B0-%D1%81%D1%82%D1%80%D0%B0%D0%BD%D0%B8%D1%86%D0%B0/%D0%B7%D0%B0%D0%B4-%D0%BA%D0%B0%D0%B4%D1%8A%D1%80","","",""
"1761871380-12","https://www.framesbyvlad.eu/","https://www.framesbyvlad.eu/%D0%BD%D0%B0%D1%87%D0%B0%D0%BB%D0%BD%D0%B0-%D1%81%D1%82%D1%80%D0%B0%D0%BD%D0%B8%D1%86%D0%B0/%D0%B7%D0%B0%D0%B4-%D0%BA%D0%B0%D0%B4%D1%8A%D1%80","","",""
"1761871383-13","https://www.framesbyvlad.eu/","https://www.framesbyvlad.eu/%D0%BD%D0%B0%D1%87%D0%B0%D0%BB%D0%BD%D0%B0-%D1%81%D1%82%D1%80%D0%B0%D0%BD%D0%B8%D1%86%D0%B0/%D0%B2%D0%B8%D0%B4%D0%B5%D0%BE%D0%BF%D1%80%D0%BE%D0%B4%D1%83%D0%BA%D1%86%D0%B8%D1%8F","","",""
"1761871383-14","https://www.framesbyvlad.eu/","https://www.framesbyvlad.eu/%D0%BD%D0%B0%D1%87%D0%B0%D0%BB%D0%BD%D0%B0-%D1%81%D1%82%D1%80%D0%B0%D0%BD%D0%B8%D1%86%D0%B0/%D0%B2%D0%B8%D0%B4%D0%B5%D0%BE%D0%BF%D1%80%D0%BE%D0%B4%D1%83%D0%BA%D1%86%D0%B8%D1%8F","","",""
"1761871383-15","https://www.framesbyvlad.eu/","https://www.framesbyvlad.eu/%D0%BD%D0%B0%D1%87%D0%B0%D0%BB%D0%BD%D0%B0-%D1%81%D1%82%D1%80%D0%B0%D0%BD%D0%B8%D1%86%D0%B0/%D0%B2%D0%B8%D0%B4%D0%B5%D0%BE%D0%BF%D1%80%D0%BE%D0%B4%D1%83%D0%BA%D1%86%D0%B8%D1%8F","","",""
"1761871383-16","https://www.framesbyvlad.eu/","https://www.framesbyvlad.eu/%D0%BD%D0%B0%D1%87%D0%B0%D0%BB%D0%BD%D0%B0-%D1%81%D1%82%D1%80%D0%B0%D0%BD%D0%B8%D1%86%D0%B0/%D0%B2%D0%B8%D0%B4%D0%B5%D0%BE%D0%BF%D1%80%D0%BE%D0%B4%D1%83%D0%BA%D1%86%D0%B8%D1%8F","","",""
"1761871383-17","https://www.framesbyvlad.eu/","https://www.framesbyvlad.eu/%D0%BD%D0%B0%D1%87%D0%B0%D0%BB%D0%BD%D0%B0-%D1%81%D1%82%D1%80%D0%B0%D0%BD%D0%B8%D1%86%D0%B0/%D0%B2%D0%B8%D0%B4%D0%B5%D0%BE%D0%BF%D1%80%D0%BE%D0%B4%D1%83%D0%BA%D1%86%D0%B8%D1%8F","","",""
"1761871383-18","https://www.framesbyvlad.eu/","https://www.framesbyvlad.eu/%D0%BD%D0%B0%D1%87%D0%B0%D0%BB%D0%BD%D0%B0-%D1%81%D1%82%D1%80%D0%B0%D0%BD%D0%B8%D1%86%D0%B0/%D0%B2%D0%B8%D0%B4%D0%B5%D0%BE%D0%BF%D1%80%D0%BE%D0%B4%D1%83%D0%BA%D1%86%D0%B8%D1%8F","","",""
"1761871383-19","https://www.framesbyvlad.eu/","https://www.framesbyvlad.eu/%D0%BD%D0%B0%D1%87%D0%B0%D0%BB%D0%BD%D0%B0-%D1%81%D1%82%D1%80%D0%B0%D0%BD%D0%B8%D1%86%D0%B0/%D0%B2%D0%B8%D0%B4%D0%B5%D0%BE%D0%BF%D1%80%D0%BE%D0%B4%D1%83%D0%BA%D1%86%D0%B8%D1%8F","","",""
"1761871383-20","https://www.framesbyvlad.eu/","https://www.framesbyvlad.eu/%D0%BD%D0%B0%D1%87%D0%B0%D0%BB%D0%BD%D0%B0-%D1%81%D1%82%D1%80%D0%B0%D0%BD%D0%B8%D1%86%D0%B0/%D0%B2%D0%B8%D0%B4%D0%B5%D0%BE%D0%BF%D1%80%D0%BE%D0%B4%D1%83%D0%BA%D1%86%D0%B8%D1%8F","","",""
"1761871385-21","https://www.framesbyvlad.eu/","https://www.framesbyvlad.eu/%D0%BD%D0%B0%D1%87%D0%B0%D0%BB%D0%BD%D0%B0-%D1%81%D1%82%D1%80%D0%B0%D0%BD%D0%B8%D1%86%D0%B0/%D0%BF%D1%80%D0%B8%D1%80%D0%BE%D0%B4%D0%BD%D0%B0-%D1%84%D0%BE%D1%82%D0%BE%D0%B3%D1%80%D0%B0%D1%84%D0%B8%D1%8F","","",""
"1761871385-22","https://www.framesbyvlad.eu/","https://www.framesbyvlad.eu/%D0%BD%D0%B0%D1%87%D0%B0%D0%BB%D0%BD%D0%B0-%D1%81%D1%82%D1%80%D0%B0%D0%BD%D0%B8%D1%86%D0%B0/%D0%BF%D1%80%D0%B8%D1%80%D0%BE%D0%B4%D0%BD%D0%B0-%D1%84%D0%BE%D1%82%D0%BE%D0%B3%D1%80%D0%B0%D1%84%D0%B8%D1%8F","","https://lh3.googleusercontent.com/sitesv/AAzXCkeulxe6CtEW3c8X7SkgGl88pnqz4D9dF3BSDDQBwexI1u5gz-fpLVBa2hzQjc5EMNi7SJR1vUx3Zmzz6KhxtCInN9EEBivRUCL4sHI84IfU5ytGqERxzZqmtbnhZB1sSnRpw2QYXzbMOdOx2KS0P2CaO40fzOuceId0L8bo8LdOXsWJrPwCdO7mEfWWQ68OzRsKbrHIIbBEKUo3F0aeRUE_-1p_qxzdMJxbeHk=w1280","https://lh3.googleusercontent.com/sitesv/AAzXCke6mpbw6pX_0wRkHm5z4B5kzNAvtZCAyR0fy78CHXjbStkLTOd2Cy1Q36IJI_2SNXVvc9dIVaWPdzE0zEKRwMlGrKUnjqOkxTT_nfXI3psD4-jV0RiM3cq9naBSRcq1GDl_3x-5EYZJHdPAW8JU4Ps-_C7mpERJQrpRAeOy6Gl5CJ_Gxjx_HFywVhn55X3t57psW9yOIpAApHAS_HwCWDO15UzhnSiEB7uc60c=w1280"
"1761871385-23","https://www.framesbyvlad.eu/","https://www.framesbyvlad.eu/%D0%BD%D0%B0%D1%87%D0%B0%D0%BB%D0%BD%D0%B0-%D1%81%D1%82%D1%80%D0%B0%D0%BD%D0%B8%D1%86%D0%B0/%D0%BF%D1%80%D0%B8%D1%80%D0%BE%D0%B4%D0%BD%D0%B0-%D1%84%D0%BE%D1%82%D0%BE%D0%B3%D1%80%D0%B0%D1%84%D0%B8%D1%8F","","https://lh3.googleusercontent.com/sitesv/AAzXCkeLYoRR9bmO6SCuMdd5C-txXktB0Yz8yldlvWsmdRYYiIli2h5vaAD-hZkwf-ZFd5RbPz7sUlwV6Kb-jdImk_hq9H-g-Kpqe-aAOYysbzBDY5Pl5PVBbtxxLi8Aga17eHmLIShFOOalCWouXAdcZhYx4FY1rkQw0p3kAJm5GVfQHAD_u64a3F56xgwQV3_cKJDtsKaScmAdyASO-cHAfohxspmK5jjnSxDawmY=w1280",""
"1761871385-24","https://www.framesbyvlad.eu/","https://www.framesbyvlad.eu/%D0%BD%D0%B0%D1%87%D0%B0%D0%BB%D0%BD%D0%B0-%D1%81%D1%82%D1%80%D0%B0%D0%BD%D0%B8%D1%86%D0%B0/%D0%BF%D1%80%D0%B8%D1%80%D0%BE%D0%B4%D0%BD%D0%B0-%D1%84%D0%BE%D1%82%D0%BE%D0%B3%D1%80%D0%B0%D1%84%D0%B8%D1%8F","","","https://lh3.googleusercontent.com/sitesv/AAzXCkeLYwWIhsa2goV8iHykgbucrFx1xscpNvaPT4V1upzhkl0FX1xuxFkNwTLATs0sbNMWgEPXEC5c49G9G0ZwPqxwPU-W_iYBSr5qPxkYDax-AfeBUmPjMC42HyKq5HSOvqFjR-T890v1dkt5-NCYIyQ7jUsQz1Vja3dkf7N823z7Nue-6JcViFeKOGyXlz30XNNHm4MhXVPTJsJZTYYrBASlQn0gtUOqSI6i=w1280"
"1761871385-25","https://www.framesbyvlad.eu/","https://www.framesbyvlad.eu/%D0%BD%D0%B0%D1%87%D0%B0%D0%BB%D0%BD%D0%B0-%D1%81%D1%82%D1%80%D0%B0%D0%BD%D0%B8%D1%86%D0%B0/%D0%BF%D1%80%D0%B8%D1%80%D0%BE%D0%B4%D0%BD%D0%B0-%D1%84%D0%BE%D1%82%D0%BE%D0%B3%D1%80%D0%B0%D1%84%D0%B8%D1%8F","","https://lh3.googleusercontent.com/sitesv/AAzXCkdOjzzAe4eAsWblNOG1b30oSoPUWPtKRhvibvy3PJcqnWJApdHPNw-C0FphOqYrQjxAV8Zxr2CgT-OJPdMkwR4C_E8i1no5DwOi9v3w8oaFEffnd4gKZnvHTY_LkGLu3j7xRpDV9ffOR5zTHUWZ16xfl9dAdgsWWYhVk457vReNkRBKEmigTFMuTJpQQ6Wr5NWglawCN8AOZmAdqiUcUxmByPmr1Eq2_Wd9=w1280",""
"1761871385-26","https://www.framesbyvlad.eu/","https://www.framesbyvlad.eu/%D0%BD%D0%B0%D1%87%D0%B0%D0%BB%D0%BD%D0%B0-%D1%81%D1%82%D1%80%D0%B0%D0%BD%D0%B8%D1%86%D0%B0/%D0%BF%D1%80%D0%B8%D1%80%D0%BE%D0%B4%D0%BD%D0%B0-%D1%84%D0%BE%D1%82%D0%BE%D0%B3%D1%80%D0%B0%D1%84%D0%B8%D1%8F","","https://lh3.googleusercontent.com/sitesv/AAzXCkeI6_nstgy15Xsfat9Yxz-iVXL3-U9v_-xutQ3SKXV1Wc8sVcLOH2CD9C5sszybmLmvaRdWRdYPjnZZj4HgvOHbP2XjRox-KD18j7ngyz6NsoSwgU2ijtcejrTCDzaBxOfx8PzdmcidSVgJeCoLTQShGHiPaJeIdfhv3yj3PFx4REK_tXe6BKkBp5HRxUrxH0Gl0ON-tufXluIx2wmisgwu5zdKlzW6ntKYMSs=w1280",""
"1761871385-27","https://www.framesbyvlad.eu/","https://www.framesbyvlad.eu/%D0%BD%D0%B0%D1%87%D0%B0%D0%BB%D0%BD%D0%B0-%D1%81%D1%82%D1%80%D0%B0%D0%BD%D0%B8%D1%86%D0%B0/%D0%BF%D1%80%D0%B8%D1%80%D0%BE%D0%B4%D0%BD%D0%B0-%D1%84%D0%BE%D1%82%D0%BE%D0%B3%D1%80%D0%B0%D1%84%D0%B8%D1%8F","","https://lh3.googleusercontent.com/sitesv/AAzXCkefKNRE44jL8cG9Bwdp3_PQGbU46Wff1ThzRy5Rl_eAURe3ftUV9JYtQaE2yxcbdZ7MmzeZz1QywGG_l1BQL_QgsW13hNVl3EdDLVn4rRSy4j2CPXSdSMUuy2IyDsp2NEZ0fV7xuGp4VTXzPiNVJaGmx9DIqJK2SJmN-4ynBpMgSs5eKVyYUXX8JVeGjh8kvuAUBuzgS_kaOMBe6S9F-p2rpfXovcWmeTU9L34=w1280","https://lh3.googleusercontent.com/sitesv/AAzXCkdm8mUMrrXOf4AQ2q-s6T2cuUB1oxNRVrH30ALsydZw3MF6Z4EvhfLI3AVEgwYeXVTFHZiPbIpGBDnt1XlfzE9cDmWcKON2X9EPr21VPeEb_vj_YMRB5shxQijZF7CtaLdU5msA56qqJt8hle2QdJScb867UFqfrcx4dbdCU7rXlaI4H8sqKAhkLBjq1w1SiiLO2RxGnNamTKBH13Xaz_baKh7dN1VXOa6JC3Q=w1280"
"1761871385-28","https://www.framesbyvlad.eu/","https://www.framesbyvlad.eu/%D0%BD%D0%B0%D1%87%D0%B0%D0%BB%D0%BD%D0%B0-%D1%81%D1%82%D1%80%D0%B0%D0%BD%D0%B8%D1%86%D0%B0/%D0%BF%D1%80%D0%B8%D1%80%D0%BE%D0%B4%D0%BD%D0%B0-%D1%84%D0%BE%D1%82%D0%BE%D0%B3%D1%80%D0%B0%D1%84%D0%B8%D1%8F","","",""
"1761871385-29","https://www.framesbyvlad.eu/","https://www.framesbyvlad.eu/%D0%BD%D0%B0%D1%87%D0%B0%D0%BB%D0%BD%D0%B0-%D1%81%D1%82%D1%80%D0%B0%D0%BD%D0%B8%D1%86%D0%B0/%D0%BF%D1%80%D0%B8%D1%80%D0%BE%D0%B4%D0%BD%D0%B0-%D1%84%D0%BE%D1%82%D0%BE%D0%B3%D1%80%D0%B0%D1%84%D0%B8%D1%8F","","",""
"1761871387-30","https://www.framesbyvlad.eu/","https://www.framesbyvlad.eu/%D0%BD%D0%B0%D1%87%D0%B0%D0%BB%D0%BD%D0%B0-%D1%81%D1%82%D1%80%D0%B0%D0%BD%D0%B8%D1%86%D0%B0/%D0%B4%D1%80%D0%BE%D0%BD-%D1%84%D0%BE%D1%82%D0%BE%D0%B3%D1%80%D0%B0%D1%84%D0%B8%D1%8F","","",""
"1761871387-31","https://www.framesbyvlad.eu/","https://www.framesbyvlad.eu/%D0%BD%D0%B0%D1%87%D0%B0%D0%BB%D0%BD%D0%B0-%D1%81%D1%82%D1%80%D0%B0%D0%BD%D0%B8%D1%86%D0%B0/%D0%B4%D1%80%D0%BE%D0%BD-%D1%84%D0%BE%D1%82%D0%BE%D0%B3%D1%80%D0%B0%D1%84%D0%B8%D1%8F","","https://lh3.googleusercontent.com/sitesv/AAzXCkf31n4AMnUFzNuIaDfLbax6Wtrtx9rak2CPzKK4RUpAuIcQfmdh_-Q9lC7jEn_8PWzTXgrlACRCyKFsKasu6TslqZ5-hbnOrd0W6XsI9CUudXcuMZm4WGp84rWmeJnu7uXt_rdcnZf9oeRuYGiv7pxuNeNFMDJriGE8m-wt6PmoZZD_i7LSD9e3ZMVXdxy59srijJOEiTe6javdyA0sWVuGoJ56EMR30xqV=w1280","https://lh3.googleusercontent.com/sitesv/AAzXCkeIj5vk9ANMBBjUEkhYnXV4GhKfsFABXrRXUaU5cOvfiXTTCRdhmhR20aqCi7nZ-btoEgu1LwvmUnSYaqHqAaqs9Lme_EF9jMYLtvZVvqnoff6utplgQi9HtF3fg8Gj0DgmhwjfwavsZ2vH_48ZdpuhX18Je06czrK8cNgiMrmrza-1voRo5o8v3BiOYFlN5VtOZMLfOuoOUoBJj-5dhh99V0DQ1NgDnfMw-lU=w1280"
"1761871387-32","https://www.framesbyvlad.eu/","https://www.framesbyvlad.eu/%D0%BD%D0%B0%D1%87%D0%B0%D0%BB%D0%BD%D0%B0-%D1%81%D1%82%D1%80%D0%B0%D0%BD%D0%B8%D1%86%D0%B0/%D0%B4%D1%80%D0%BE%D0%BD-%D1%84%D0%BE%D1%82%D0%BE%D0%B3%D1%80%D0%B0%D1%84%D0%B8%D1%8F","","https://lh3.googleusercontent.com/sitesv/AAzXCkeNQc0dM81D2EzXMkh6nfl6PcrkWpl4SWweHSdwgk3hkEuTiNbaIwYqZjLDa4aJhXdg_J6dppjeB8LPbyccqVL_egrCUbJ--ssQeGQLKOsGOQI5jj1aqlcu8k6Pta1i_e81T9vPzopTnICO2az6-JzPDZALQmOXG2PjrwY6V01nWYXShs791DyA8qVxyKYtUWsuxJZTgC9RNmBMBNRruuDxep7OZOaw9qXxMN0=w1280","https://lh3.googleusercontent.com/sitesv/AAzXCke3TBoeL1JVPSRNZOZfnBIvX1YFrq7hp4FqJF27uwEoXL9KoMGGciIKNkiPwn5hgSck9DxhnKF0N56ONpzNe3zI7JfddC02mXtCa-D9eO2oCSJIcDLCEIncNXNwYibNf0IAlTyUCXAGd0EVvSBC39gZM1JDetxJ67_KhtBq8SsqrlXIuyMMKBBkkUeTTKIGJMtY3GamMhrdcvPe_2Vd5xaKSe0jpYZKozpK=w1280"
"1761871387-33","https://www.framesbyvlad.eu/","https://www.framesbyvlad.eu/%D0%BD%D0%B0%D1%87%D0%B0%D0%BB%D0%BD%D0%B0-%D1%81%D1%82%D1%80%D0%B0%D0%BD%D0%B8%D1%86%D0%B0/%D0%B4%D1%80%D0%BE%D0%BD-%D1%84%D0%BE%D1%82%D0%BE%D0%B3%D1%80%D0%B0%D1%84%D0%B8%D1%8F","","https://lh3.googleusercontent.com/sitesv/AAzXCkdPOLdI_luF9B7ZjmLCUxeej4-zsg2NOVDOonnz1fJWKhVcg38ceLiOIXa9G4GqGxY3b8WdEwJLIeltxxQ24Kg9ISwrayH2Cu7lauZf30KnglW6To1uNGJky8uZXXmKLmtAwU0HD0Fnz4U3jNC54auHG42ooLWZdUuco3Uukyjqg8bSn72-Jog4bS_KZeNQh-OPwWeO0nBog_wEgoeA0GXJZU1zkNPuKnsXkUI=w1280",""
"1761871387-34","https://www.framesbyvlad.eu/","https://www.framesbyvlad.eu/%D0%BD%D0%B0%D1%87%D0%B0%D0%BB%D0%BD%D0%B0-%D1%81%D1%82%D1%80%D0%B0%D0%BD%D0%B8%D1%86%D0%B0/%D0%B4%D1%80%D0%BE%D0%BD-%D1%84%D0%BE%D1%82%D0%BE%D0%B3%D1%80%D0%B0%D1%84%D0%B8%D1%8F","","",""
"1761871387-35","https://www.framesbyvlad.eu/","https://www.framesbyvlad.eu/%D0%BD%D0%B0%D1%87%D0%B0%D0%BB%D0%BD%D0%B0-%D1%81%D1%82%D1%80%D0%B0%D0%BD%D0%B8%D1%86%D0%B0/%D0%B4%D1%80%D0%BE%D0%BD-%D1%84%D0%BE%D1%82%D0%BE%D0%B3%D1%80%D0%B0%D1%84%D0%B8%D1%8F","","",""
"1761871389-36","https://www.framesbyvlad.eu/","https://www.framesbyvlad.eu/%D0%BD%D0%B0%D1%87%D0%B0%D0%BB%D0%BD%D0%B0-%D1%81%D1%82%D1%80%D0%B0%D0%BD%D0%B8%D1%86%D0%B0/%D1%81%D1%8A%D0%B1%D0%B8%D1%82%D0%B8%D1%8F","","",""
"1761871389-37","https://www.framesbyvlad.eu/","https://www.framesbyvlad.eu/%D0%BD%D0%B0%D1%87%D0%B0%D0%BB%D0%BD%D0%B0-%D1%81%D1%82%D1%80%D0%B0%D0%BD%D0%B8%D1%86%D0%B0/%D1%81%D1%8A%D0%B1%D0%B8%D1%82%D0%B8%D1%8F","","https://lh3.googleusercontent.com/sitesv/AAzXCkc-vRJfrZ2wZtxpcU0ZpEKZO82BWuvM5hnffpaxbpdq5Gbq4Q6tlmIvHvOjaf4hI0B1sNuHSV1v5DXZH2tNHW89kr_btNfrcqRGLtp2mHd1Ac-7XcvNxbkqvMgP-CKJ8M9n7ufYOPwGNs0JVT2ukQD2CZ60UsY0ruCAfUI9GYNGWR_CtA6uOqN47ghXlKSrmhB7MnC5MVxqu3JKU7hMeP02Cw29mlBzfJhDbQ4=w1280","https://lh3.googleusercontent.com/sitesv/AAzXCkcDOkzG6CUK0HdltSaf3kcrgGAxgNOSi23jCvUIHeGocG-_AXQD9jd2Dw08tfn8pGMcuEfCxPvtjR0VbpRf4h3fYScsF9PnSnCkXwGuLtOG3wocHQxApFVJn_8v6RHDp0pBKJPUShn-ymtjLAbuBNnsshKh28_F1NajeLAUYb3bZ9Noo4S047kpUR6RjqngqZljDA_JSoKppvisLVRjVerQ9Qcd0aRM5Ud3=w1280"
"1761871389-38","https://www.framesbyvlad.eu/","https://www.framesbyvlad.eu/%D0%BD%D0%B0%D1%87%D0%B0%D0%BB%D0%BD%D0%B0-%D1%81%D1%82%D1%80%D0%B0%D0%BD%D0%B8%D1%86%D0%B0/%D1%81%D1%8A%D0%B1%D0%B8%D1%82%D0%B8%D1%8F","","https://lh3.googleusercontent.com/sitesv/AAzXCkd4vab8G9K9dwz12WfusAYJEZMWBepvKtmHGnqDEFxt29wn8no9NBNhFPGxYLSI14m_WbaK2ZOx6jU-I1BaL4oQXEADRRY0TgVW_7W1f25RCF5UliQGwuoEYXTsKn8WSPlb7Wmsa9lC22gGCQZuTiD9CbVbDldcMdKmLpgm4tgET4SzqpdEwKgMr0oxq3aTuxm_atse8v98Z41_5VdWPmU8ii9a8SN-6A3wJWM=w1280","https://lh3.googleusercontent.com/sitesv/AAzXCkciWMo6M75LQdYI3TQ7j_QD4E1EDV4ZH-Qx96UVajRhwxSbaYf4a3nBEHK71Rm6-wNY4s5ggilkLq3Ez3icpM_FXlsP2vqs7CZWVmV3D1eD4vqO3KZua3-SDC114U5l0B6RbmY69KfY1nGbKBSovfL1ipRkRxdxRBKnO6KVrVt91NNp0B-TkoOg-2k6BeNHgm7krNlVmnYDPwELrrC_lvJqA4wiqreXC2hUV2g=w1280"
"1761871389-39","https://www.framesbyvlad.eu/","https://www.framesbyvlad.eu/%D0%BD%D0%B0%D1%87%D0%B0%D0%BB%D0%BD%D0%B0-%D1%81%D1%82%D1%80%D0%B0%D0%BD%D0%B8%D1%86%D0%B0/%D1%81%D1%8A%D0%B1%D0%B8%D1%82%D0%B8%D1%8F","","https://lh3.googleusercontent.com/sitesv/AAzXCkfg3gHyPDTiI9jNy5rSS4LF5WHQJts7lkroS4FOcRNjTtGyweKHF3sHNlBFkvDKUG_qlYEjveu014_Yc1gpQXBK3nXcTd7WygYUapP0FOS-oDiazNX10urq-AHNWi10XY8-HL3pfdJr4mbC0pxxbFeuHgWi_jssxgwu7BBcbHQRtoKmRTzeqZzaiHU7blojV2wTdDi15toGLYDHgOhuCb3l1mwAn45yDvSR0uw=w1280","https://lh3.googleusercontent.com/sitesv/AAzXCkdxyjOS6EbyiEw-NEbL1ykLK5bV7wPgRTKWKFJeHVKZz0XBWk7Hrg0_QnkXTBtOxoUuo5yoenekCttp-cUZ2clOzs_sgEU-DYcQ7TPrYwpGMDt0aj8vfnsKC352WHmxGd2H_-tPUA4mj__F_cuyZKU0tutcnBqW-MnFZhOcOlnP7CX5k8-Tsw4FarTkvQwHjnGeSlqL0oFlz9Kf1DS1fkIkIYUJ0OVlTea-=w1280"
"1761871389-40","https://www.framesbyvlad.eu/","https://www.framesbyvlad.eu/%D0%BD%D0%B0%D1%87%D0%B0%D0%BB%D0%BD%D0%B0-%D1%81%D1%82%D1%80%D0%B0%D0%BD%D0%B8%D1%86%D0%B0/%D1%81%D1%8A%D0%B1%D0%B8%D1%82%D0%B8%D1%8F","","https://lh3.googleusercontent.com/sitesv/AAzXCkeGzzxpY6SzbRmW0jpFcmRV_czcEsuetVPUaGQP_MdsbT9E5PW4ENgFMRBmXHXZgS6TWUqKVZbXD87pZRoSjVudVDl7CNuvVIWuoHdtf2LEoiAt4PRTFett4TO4F2WxBbFQsJTJEiErpS4HaDJGjJPDPoNaXLNzlhlkDlj6NC1r8_HmeFDjkDHWuJqsp1yOXlnaEB-dHholtkiNAljMt1CRN1_lyROV94aUuw4=w1280","https://lh3.googleusercontent.com/sitesv/AAzXCkd5KE0cWldRxnX7mEpiScCWBsJOK0uS3Gl-s1UMBJR5sfkmlw-AqRUOrvZdu87hUiWF0Kur82CxT4eTdNINcZf-M94J3uKucZWYcrpu6F-r7qSAZYkYWfLYximJ1N0KmF1ZNn8MdPcQmVHPP9Eodv3H4LYGrIytgV7rC9bveEyVZZz8JjAUYRrXH0TH6Xofhq2M0PSkJRDxsdO78D3s09I1wKT0lS5TaSeJ=w1280"
"1761871389-41","https://www.framesbyvlad.eu/","https://www.framesbyvlad.eu/%D0%BD%D0%B0%D1%87%D0%B0%D0%BB%D0%BD%D0%B0-%D1%81%D1%82%D1%80%D0%B0%D0%BD%D0%B8%D1%86%D0%B0/%D1%81%D1%8A%D0%B1%D0%B8%D1%82%D0%B8%D1%8F","","https://lh3.googleusercontent.com/sitesv/AAzXCkf9JUc5CoUnt5Nwk2QwmVO7PlkoMCCpMNsGjEHVxBNQQ9n9DIkmiqApz3Ggt5m1dXUk35fgUu98hYEdHLqRmFDAVf-5KWzSYYTRWFvj-AtTQuppsr2uzWVuGD1WjDzRVVmnlffX7CSFXUFmV7I445X0NTap0sHmLE6o2BPu7fT0XTH_JAZdZrEc33r4SmTTI__vfHPeMgpaK2cosMvhsa-yMo8crER4KfF2A_I=w1280","https://lh3.googleusercontent.com/sitesv/AAzXCkebsyEtvx8RECMdcm1WT3L4kd2YleirxidF1nl5ciDy9QfeA8ecrUxJpb3NIK3wUJBLg3tl7i5WgmXRYc_PyNM2On0YgjTFgt2FxEsOWJNNiX-FSXnmq1NRAotFHq9PcSTtKrMIdEBwGYO-8eh6MWyziW8ouYGpkCWJ2PVwhFmqAv3ZJIBO4FptjDUvF1z0hK37NUvpjOjgpXTUxTtvp4nN2J3Z1r_Q74ktRZQ=w1280"
"1761871389-42","https://www.framesbyvlad.eu/","https://www.framesbyvlad.eu/%D0%BD%D0%B0%D1%87%D0%B0%D0%BB%D0%BD%D0%B0-%D1%81%D1%82%D1%80%D0%B0%D0%BD%D0%B8%D1%86%D0%B0/%D1%81%D1%8A%D0%B1%D0%B8%D1%82%D0%B8%D1%8F","","https://lh3.googleusercontent.com/sitesv/AAzXCkdwIAy5Oja1lMksEwEnaBGpaxnZdVGMxoaumZQ62zDeUTLV4xg9dj9phF0sVEK8UEIkTPnNGs0XKH-03yuhYBvym6sqenIqRPwI2wpHSBZa986AMCgWo5n-KfOU1-9wl9mdQ34HJwYArljtjimvBaur0lIuwsNzjOphzJRpe6I1NKBvel2LloA0NKD1cxQtuAVf1ljyCdlRm1K9JTRmEGRUa6DiLTD-28uPiOI=w1280",""
"1761871389-43","https://www.framesbyvlad.eu/","https://www.framesbyvlad.eu/%D0%BD%D0%B0%D1%87%D0%B0%D0%BB%D0%BD%D0%B0-%D1%81%D1%82%D1%80%D0%B0%D0%BD%D0%B8%D1%86%D0%B0/%D1%81%D1%8A%D0%B1%D0%B8%D1%82%D0%B8%D1%8F","","https://lh3.googleusercontent.com/sitesv/AAzXCkdgTDtaZz2sGWk7XE_B_vF2-shtGQ0U8eAlK7mAmPj7GMON9EVQ75hKkMObTx4Gs7AOxuC3iSMoZ6LElGbmGgRuqVHvPSEejjOltda_HQMG8e0vIdG2YgAxmv6zVjdDiJ9-Q3ElSJJeVigpsEM3USoeuE-0Fmd-_EN-ZrFrycjUoaZojYszxeTPGsl8vmeo8RI5FyZeF2-sFzXL8eC70D24Gnonkrma1BGHmR0=w1280",""
"1761871389-44","https://www.framesbyvlad.eu/","https://www.framesbyvlad.eu/%D0%BD%D0%B0%D1%87%D0%B0%D0%BB%D0%BD%D0%B0-%D1%81%D1%82%D1%80%D0%B0%D0%BD%D0%B8%D1%86%D0%B0/%D1%81%D1%8A%D0%B1%D0%B8%D1%82%D0%B8%D1%8F","","https://lh3.googleusercontent.com/sitesv/AAzXCkfmXJUnCiHviKSQSC3rFnZe75l3sjqtnd_nmnIkLmfI6SvYQ2s7P_CwRAJMXYydwEzPWsUFPp3IHmsvtkWVk-fLa2Jt_qmI0WhVSFf_PBya_nubrsO6CAx0Cc3K9VGjH7KdYlbnFu2evvwtF97i5ZCkB_yYdWIhhlzMiiEOFExekQchJ28etg9x4GThiTDq7tTavC-Ht1FhyejaY4Mie1HTVUO15gfMj5-3Ql0=w1280","https://lh3.googleusercontent.com/sitesv/AAzXCkcfgpijkwD80u4nfDfUhcxpP_PYdDdHiCR9L0GnIy0J8JbQDmu_lcmaegyMcXp5l8NtA9lenhQdvncOqEAl7WFku_P92BPdAGz4DuXoNctzMkD8-LaGq7zDYMlUgBTI2LZp9EZBzhwyRAmnZpWp-wrXXXz-7UwseOO4x4P6ehlLKj617EQAx1IHTpjp1syOsGYP40EloZH7mUYZLfRi-e-8A430VfADuRDe=w1280"
"1761871389-45","https://www.framesbyvlad.eu/","https://www.framesbyvlad.eu/%D0%BD%D0%B0%D1%87%D0%B0%D0%BB%D0%BD%D0%B0-%D1%81%D1%82%D1%80%D0%B0%D0%BD%D0%B8%D1%86%D0%B0/%D1%81%D1%8A%D0%B1%D0%B8%D1%82%D0%B8%D1%8F","","https://lh3.googleusercontent.com/sitesv/AAzXCkc3-J3VOwb8ONy0TbjyHBe42FlqF6pa001UyDreX5u96u0dTvxYtoLpU1LiPTw5YMCmBYSky2mcLDlnMG0EiMiRt8Vz-00otSEinOb_7vnTDAtljx-q_dcXLBeyMWyGX71fKnKKH7WAtxoQcg-DNdkF7Vj3Fjv_uTB3mdanOncAwt-nNaJe_qsjYVo74AOrRN0Tvd85WcmG6TiEuwhXNzrn5SZTSIQ6iIuC_BA=w1280","https://lh3.googleusercontent.com/sitesv/AAzXCkdZTTZRJGhlPJQgeJ_eD8WxLpduelUVXguzZNDYza5kb4DEOygDzG7w8wukc2n-DoEblr_-VZiFgZXzcjH3wpfx5FRZ6R39BjQX6wiMomZWd6x3OYLTxmfYVXCowTGsgp2LZ7ZFTpPMrb-QFm41ZXPzoip54WM6W7bih8ftcU9tDRG7ThxJ-lmmYFx3yK0ok1cSS_Ye2B6VT0kk8rB_uJG10JXtdS0t44GY=w1280"
"1761871389-46","https://www.framesbyvlad.eu/","https://www.framesbyvlad.eu/%D0%BD%D0%B0%D1%87%D0%B0%D0%BB%D0%BD%D0%B0-%D1%81%D1%82%D1%80%D0%B0%D0%BD%D0%B8%D1%86%D0%B0/%D1%81%D1%8A%D0%B1%D0%B8%D1%82%D0%B8%D1%8F","","",""
"1761871389-47","https://www.framesbyvlad.eu/","https://www.framesbyvlad.eu/%D0%BD%D0%B0%D1%87%D0%B0%D0%BB%D0%BD%D0%B0-%D1%81%D1%82%D1%80%D0%B0%D0%BD%D0%B8%D1%86%D0%B0/%D1%81%D1%8A%D0%B1%D0%B8%D1%82%D0%B8%D1%8F","","",""
"1761871393-48","https://www.framesbyvlad.eu/","https://www.framesbyvlad.eu/%D0%BD%D0%B0%D1%87%D0%B0%D0%BB%D0%BD%D0%B0-%D1%81%D1%82%D1%80%D0%B0%D0%BD%D0%B8%D1%86%D0%B0/%D1%81%D0%BD%D0%B8%D0%BC%D0%BA%D0%B8-%D0%B2-%D1%81%D1%82%D1%83%D0%B4%D0%B8%D0%BE","","",""
"1761871393-49","https://www.framesbyvlad.eu/","https://www.framesbyvlad.eu/%D0%BD%D0%B0%D1%87%D0%B0%D0%BB%D0%BD%D0%B0-%D1%81%D1%82%D1%80%D0%B0%D0%BD%D0%B8%D1%86%D0%B0/%D1%81%D0%BD%D0%B8%D0%BC%D0%BA%D0%B8-%D0%B2-%D1%81%D1%82%D1%83%D0%B4%D0%B8%D0%BE","","https://lh3.googleusercontent.com/sitesv/AAzXCkfmMZ6pPDj1DdRzNJYWT9wLUtyT4DT11svqdimM5ZDIOXEJdQ43pEemyvvzNNN1342oE0dfHTbzse48WYZUrT8fRETzbEeiNozzqSx777PZjQpb6qd-6CcfwIvWt7IbAuUw7nyukh8N3oeUGcFobaWlxvoAqShlMmc0Q2RMfj9T-ipwRCBE7jxAhMOB2dZBIggVCUAS9d41NqBEYLUZDZgDmFfhm6lnOscWe7g=w1280","https://lh3.googleusercontent.com/sitesv/AAzXCkf68sSMLDeZtllht5QG78LtPoOVhEOGn1Gn9n-EBEOPIYt7j6KqAAowt9lvm93IvRheHA5BR_uMQ07eCPN78bvAVZP0uFOAgF5YUXmwl2ew-t9VZ1mNww-LRY3CfzP9e9aHCpJMXzd8-HxkrGjVL41QLIRK8o7SkYesVUuYODjXuvWULagp1BAhdrnI1d5r7w8tBnDrDc57Qc7KgW_rnK6-PCRn7ONHnZC6jWs=w1280"
"1761871393-50","https://www.framesbyvlad.eu/","https://www.framesbyvlad.eu/%D0%BD%D0%B0%D1%87%D0%B0%D0%BB%D0%BD%D0%B0-%D1%81%D1%82%D1%80%D0%B0%D0%BD%D0%B8%D1%86%D0%B0/%D1%81%D0%BD%D0%B8%D0%BC%D0%BA%D0%B8-%D0%B2-%D1%81%D1%82%D1%83%D0%B4%D0%B8%D0%BE","","https://lh3.googleusercontent.com/sitesv/AAzXCkcXlDmCarGR-uyPEIYIPThb7p1BGDAvVU77r9sijrbRwSoN8vLd8hh3TG1opULHZVFS_lUgB1vW_dxryWcx80ngtd0r2cYjNiUhJnNe-xLbz34arccGvpirUsNDCm3cvlina2Dh3Z4anPBScIIy1D57-JR6EGEzUoMcj2HJp6a44v_Z9sVjp1t6zYSKD_D3ceQuv9VwxJaJ7waPiJHQA5_FnfRH4tuPJ77Y=w1280","https://lh3.googleusercontent.com/sitesv/AAzXCkfPuOY33arQ-Yl0ZkIbAkqFGFXofXtdtFTcfIhusAvzSzxuninrGxSyJQzhCFu3193VpbKXn99Rc-va71xzGKQFiowks1xeXmXvnE6353VuOsoUcgW7hoJpBeiMFfpd_u4rQQUByd5dnTdjbwjqd3ldiNgBI4s5ELdogNvARVkV3ykumP76jsfE9h3oQqN_YkGJPBXtn_mHr3UbYWZ6GcXhvRb8Om9Qkh5K=w1280"
"1761871393-51","https://www.framesbyvlad.eu/","https://www.framesbyvlad.eu/%D0%BD%D0%B0%D1%87%D0%B0%D0%BB%D0%BD%D0%B0-%D1%81%D1%82%D1%80%D0%B0%D0%BD%D0%B8%D1%86%D0%B0/%D1%81%D0%BD%D0%B8%D0%BC%D0%BA%D0%B8-%D0%B2-%D1%81%D1%82%D1%83%D0%B4%D0%B8%D0%BE","","https://lh3.googleusercontent.com/sitesv/AAzXCke3sZza9P2P-gtU3o3lS8bIJD_ib1zxflX1PuIK0hek3UOJWW6_6U4ZIxZUqcbuLHBP66KgpRrIwaFLkyNN_rvqi1lJjVGfTYXYsXoFX49LVrmZiwIOQrRcTrGnBya6yvwb7lESERbfmJ-jS7YZDJCpEaJRNE1bwAHBPcNxhbrrMneg3O1rE5Jkx36-wwP49Wx7bIuZtiQijlec1EVMZIsvcLSy7nagoIzfSCc=w1280",""
"1761871393-52","https://www.framesbyvlad.eu/","https://www.framesbyvlad.eu/%D0%BD%D0%B0%D1%87%D0%B0%D0%BB%D0%BD%D0%B0-%D1%81%D1%82%D1%80%D0%B0%D0%BD%D0%B8%D1%86%D0%B0/%D1%81%D0%BD%D0%B8%D0%BC%D0%BA%D0%B8-%D0%B2-%D1%81%D1%82%D1%83%D0%B4%D0%B8%D0%BE","","https://lh3.googleusercontent.com/sitesv/AAzXCkfU7gLZ8kZzWQhka8hn3LU-C_GNJaDi0zQ3lTr7lmgrvHZ-L5B0s74wEMAt2MOpmG9u5UBIi5WLYVWAGDGZd-GVoksonF28ps2Vli9UZYaAfkVzHxD5NI7vgL0NIg2jmmlh5RABggrXVapHcdiU4c7lT3Qai0PMFxK_u8ZtNKe-NP1z8o_a_N7-j4lgYHvaXlykNuQAwfAldQJMjn8K8BhaPm6TYI3B9qBJ=w1280","https://lh3.googleusercontent.com/sitesv/AAzXCkcFAn9AJroRohgMpUiH3J_wygmVbIUnwWm-xobS6Y4Q9oY6ih-KJEopEi-MvkuRgbdk4hVM4F3QNbPPI70plQKGuVxlmCajYK3I52gv-3GE8jCdGc5BKVm0UDDVzKRy2R2rolgsgjdYRrgZeGheubON9oRo3lkqF0-IVYoXnhmDs_3amQaRecOTj7UmTSilxNCwUV0Aj1WlXHSe8Mg2QAe1kPVYu0YNeHiMwIw=w1280"
"1761871393-53","https://www.framesbyvlad.eu/","https://www.framesbyvlad.eu/%D0%BD%D0%B0%D1%87%D0%B0%D0%BB%D0%BD%D0%B0-%D1%81%D1%82%D1%80%D0%B0%D0%BD%D0%B8%D1%86%D0%B0/%D1%81%D0%BD%D0%B8%D0%BC%D0%BA%D0%B8-%D0%B2-%D1%81%D1%82%D1%83%D0%B4%D0%B8%D0%BE","","",""
"1761871393-54","https://www.framesbyvlad.eu/","https://www.framesbyvlad.eu/%D0%BD%D0%B0%D1%87%D0%B0%D0%BB%D0%BD%D0%B0-%D1%81%D1%82%D1%80%D0%B0%D0%BD%D0%B8%D1%86%D0%B0/%D1%81%D0%BD%D0%B8%D0%BC%D0%BA%D0%B8-%D0%B2-%D1%81%D1%82%D1%83%D0%B4%D0%B8%D0%BE","","",""
"1761871395-55","https://www.framesbyvlad.eu/","https://www.framesbyvlad.eu/%D0%BD%D0%B0%D1%87%D0%B0%D0%BB%D0%BD%D0%B0-%D1%81%D1%82%D1%80%D0%B0%D0%BD%D0%B8%D1%86%D0%B0/%D1%84%D0%BE%D1%82%D0%BE%D1%81%D0%B5%D1%81%D0%B8%D1%8F-%D0%BF%D0%BE%D1%80%D1%82%D1%80%D0%B5%D1%82%D0%B8-%D0%BD%D0%B0-%D0%BE%D1%82%D0%BA%D1%80%D0%B8%D1%82%D0%BE","","",""
"1761871395-56","https://www.framesbyvlad.eu/","https://www.framesbyvlad.eu/%D0%BD%D0%B0%D1%87%D0%B0%D0%BB%D0%BD%D0%B0-%D1%81%D1%82%D1%80%D0%B0%D0%BD%D0%B8%D1%86%D0%B0/%D1%84%D0%BE%D1%82%D0%BE%D1%81%D0%B5%D1%81%D0%B8%D1%8F-%D0%BF%D0%BE%D1%80%D1%82%D1%80%D0%B5%D1%82%D0%B8-%D0%BD%D0%B0-%D0%BE%D1%82%D0%BA%D1%80%D0%B8%D1%82%D0%BE","Естествени и емоционални портрети сред красиви пейзажи и градски локации, с внимание към детайла и атмосферата.  Подходящо за социални мрежи, професионални профили (LinkedIn, Instagram, Facebook и др.), лични брандове или просто за спомен.","https://lh3.googleusercontent.com/sitesv/AAzXCkd3l5ibFCdVu7U8Cu2dW-xwqYttdx8RK5w4v7WGNTK1UkLK_ZK4duBf-MGKFbYodhyL3G9tzBGAzcDjwexW_sgjvxXi0wBVOudbltgAZP-W13YJVdZXX3Z4knh_uQEk9wNeJcOVfyeX95B79PJ4IzsU9FZ_LWLJXcaCLuNuYCLjZdLIC_Ps188ldDtNqfuoqpOBbDV5qmMWhhhLCJBGaV2gRgB6fHFdBaopI5k=w1280",""
"1761871395-57","https://www.framesbyvlad.eu/","https://www.framesbyvlad.eu/%D0%BD%D0%B0%D1%87%D0%B0%D0%BB%D0%BD%D0%B0-%D1%81%D1%82%D1%80%D0%B0%D0%BD%D0%B8%D1%86%D0%B0/%D1%84%D0%BE%D1%82%D0%BE%D1%81%D0%B5%D1%81%D0%B8%D1%8F-%D0%BF%D0%BE%D1%80%D1%82%D1%80%D0%B5%D1%82%D0%B8-%D0%BD%D0%B0-%D0%BE%D1%82%D0%BA%D1%80%D0%B8%D1%82%D0%BE","","https://lh3.googleusercontent.com/sitesv/AAzXCkf-OuiDOAoQBrLFxtkYWxca7ZJsChqLAKCaaeAmRksztZfs-7fc4Aqc01yS8gRhgF91GP8v2WQP3XuRxBJzYipxEqZcCStIdgNYXqFZUMHE-nLC7w82EDs-IewqPB_BhrmdsJw6K4yjZMbYpposR6_At_hAHfdeVeNY0w23C2LNfzsaWMhYlBsnuEIV_tdP2Rf-XOXgMiwaLQvvNJFxbKuXd630OeKj2KA1Ypw=w1280",""
"1761871395-58","https://www.framesbyvlad.eu/","https://www.framesbyvlad.eu/%D0%BD%D0%B0%D1%87%D0%B0%D0%BB%D0%BD%D0%B0-%D1%81%D1%82%D1%80%D0%B0%D0%BD%D0%B8%D1%86%D0%B0/%D1%84%D0%BE%D1%82%D0%BE%D1%81%D0%B5%D1%81%D0%B8%D1%8F-%D0%BF%D0%BE%D1%80%D1%82%D1%80%D0%B5%D1%82%D0%B8-%D0%BD%D0%B0-%D0%BE%D1%82%D0%BA%D1%80%D0%B8%D1%82%D0%BE","","https://lh3.googleusercontent.com/sitesv/AAzXCkc9lnMdc9-7QbP2Rn5WJhc16WKbdzAl8T01c9WSw7HfXCo2UTF6rMB9Yx2RoSDyGdyP0DpmN2GMAY9YhNA2yEF7zGkp7X8Lip9Q2nVJwF_IP1aCVskoOW4xgJvqGqBT5GFEwhfb5jKv1augmjfC9bAzK4mTN3_7xFivPL2v63IH862c5uJHlMLt44yRk8leT0OgjvD-I_b5rBKrfMFjU1V0RD9lHlUMS44xbdQ=w1280","https://lh3.googleusercontent.com/sitesv/AAzXCkcUSsKBlLakQz9KftWs-YsFiRDaM5J7zoD8NHO3zc2agikdTZOasqIjRv8NE7eOyCY4V1sfSxpfd3zGN-2K7iyVXFDKgcOcOcVlxuhOlb6uktEq7Pj5Nq9iMdnVRQsi47bi3lQmOUNH0Doh8jBPOJRprQ6-uQAbPB_8cOStjfT1AyA26tdQT3DZ155nNAmjPnrtwTZu4oBmKYVgQAJZQ12sfBgyTQKP5g=w1280"
"1761871395-59","https://www.framesbyvlad.eu/","https://www.framesbyvlad.eu/%D0%BD%D0%B0%D1%87%D0%B0%D0%BB%D0%BD%D0%B0-%D1%81%D1%82%D1%80%D0%B0%D0%BD%D0%B8%D1%86%D0%B0/%D1%84%D0%BE%D1%82%D0%BE%D1%81%D0%B5%D1%81%D0%B8%D1%8F-%D0%BF%D0%BE%D1%80%D1%82%D1%80%D0%B5%D1%82%D0%B8-%D0%BD%D0%B0-%D0%BE%D1%82%D0%BA%D1%80%D0%B8%D1%82%D0%BE","","https://lh3.googleusercontent.com/sitesv/AAzXCke8w0O7WtnI5al-c_6UKSmX-l2-wzwBMkiuIpP74cu2yaNeYcWAWJMMqaLcfXksH733sl7vDZbZwXodA2Mdz27sKwyCKTiiT5euH-4DynGAsScVx6xVUUaApN3S7MOf9v1tal6fzqO6IakvA877xKQj4Pq_fL_M2wvkOjFZNDczsIfyy-gtdabV1t2utv6g5JbHHO2LnNVP5UQZs6J9j4zuZNV-tXZaVnxx=w1280","https://lh3.googleusercontent.com/sitesv/AAzXCkciAf8r-4CH7QaA1rS5UVh58g8Jm1IKjsEKdNSpGi0JWnBOKONCmwF_ey-16m3QhUixDcDwcIcQaKjTZEfeOIgIup40FMh-MW4JTrdX5JMeELldNIdlLwHiwXCQvLb1iMZNGRP98_SC0Mxkuib-QxIYgiEwxnRHb9ElhGL43omhu61TjkCH4gttT-Yxatg6ORmA8NSIBj1HdWA65apxITnibuFZu1O55FhV=w1280"
"1761871395-60","https://www.framesbyvlad.eu/","https://www.framesbyvlad.eu/%D0%BD%D0%B0%D1%87%D0%B0%D0%BB%D0%BD%D0%B0-%D1%81%D1%82%D1%80%D0%B0%D0%BD%D0%B8%D1%86%D0%B0/%D1%84%D0%BE%D1%82%D0%BE%D1%81%D0%B5%D1%81%D0%B8%D1%8F-%D0%BF%D0%BE%D1%80%D1%82%D1%80%D0%B5%D1%82%D0%B8-%D0%BD%D0%B0-%D0%BE%D1%82%D0%BA%D1%80%D0%B8%D1%82%D0%BE","","https://lh3.googleusercontent.com/sitesv/AAzXCkfFFrAj5Obk7pzLza5L0cX34W3wfcKiL0fvbrTS7buwRs5I0Wv118NymHXH-vjWHPXlHnuJr0TMltxdkoNV2aL6B0Z5-oC6KCEM8kaphPXoDKBnTyJNJAGoUr8W7gzfJf-0428nOAaaTG43l1hflHn_f75lTN55oWXHvhfthg8LUHYqTE1YChv5vIhOPQQa5GcfizeMX4G8Pg1K0SFxZWDaHr3RzNrtXqt3Q8o=w1280","https://lh3.googleusercontent.com/sitesv/AAzXCkfA_7-aLwLdn76DC0sQW8JeC3peU381eShzvqHGt0YghPg6g3M6GkwKrBbLI81G5cQWogtHhCqZQH-89NJlQ0VnpS5vLnQ3xIeZ9sKAxkJR9G9rCxmTd1aeH5gG0RquwN2s3MXJpAQos1X5Wo_aCyRSZzMGWPQXJaDcXLiXLF-xndgPRM-8Fsx6WCupRdcBJI8SR5uhpXE_RWb-q-mR-O5Ku7Rei5MU6UVVVU8=w1280"
"1761871395-61","https://www.framesbyvlad.eu/","https://www.framesbyvlad.eu/%D0%BD%D0%B0%D1%87%D0%B0%D0%BB%D0%BD%D0%B0-%D1%81%D1%82%D1%80%D0%B0%D0%BD%D0%B8%D1%86%D0%B0/%D1%84%D0%BE%D1%82%D0%BE%D1%81%D0%B5%D1%81%D0%B8%D1%8F-%D0%BF%D0%BE%D1%80%D1%82%D1%80%D0%B5%D1%82%D0%B8-%D0%BD%D0%B0-%D0%BE%D1%82%D0%BA%D1%80%D0%B8%D1%82%D0%BE","","https://lh3.googleusercontent.com/sitesv/AAzXCkcLiPUXCBtFspri0wWDwXSggFydWfAN_WoHWnYp7v2lzRVvg_eBr4AobEm6x-GSGTlm0ohRTDZG_Qy9-EokG6Rv1pPZFKlPbBJFgOMyDZmQsxS9UPR2_11OZ_gTlbsVUVc-I2UR4N5c9P0VnQaTWoXJ-FpWyvcSkKx5ue-U9Wxz2aXDtFgnwxArM3-GJw8ieXhKICgHSXZK8IQzTnY8VrcOppL09R_2iU5i=w1280","https://lh3.googleusercontent.com/sitesv/AAzXCkf4Zgh7MYqFvmP97s4aQGrrEI7fL3k_heWLIx7bGThLLIYGRe3BjxQNpsOUTBoS_x0Ze-zykc0XRSJMFEXNSiV9p1P5Gy7t43FnNvvziRPdyTFy7H6eC6nePczQS9_u9rERYxRjRBneYjBCy6O3toJ0dvhyMYMBK03DvOLnH1y4NI3eUFSzizw6B0sqVtWsTZO0_vXvBLLc5fAO6R6aWb4UY9i_cOq8eeVaBHU=w1280"
"1761871395-62","https://www.framesbyvlad.eu/","https://www.framesbyvlad.eu/%D0%BD%D0%B0%D1%87%D0%B0%D0%BB%D0%BD%D0%B0-%D1%81%D1%82%D1%80%D0%B0%D0%BD%D0%B8%D1%86%D0%B0/%D1%84%D0%BE%D1%82%D0%BE%D1%81%D0%B5%D1%81%D0%B8%D1%8F-%D0%BF%D0%BE%D1%80%D1%82%D1%80%D0%B5%D1%82%D0%B8-%D0%BD%D0%B0-%D0%BE%D1%82%D0%BA%D1%80%D0%B8%D1%82%D0%BE","","https://lh3.googleusercontent.com/sitesv/AAzXCkdoWbf6Jnt0biguxo52UrZOe-7MVQhduBnO4D5sjBLlzbu55aRtJW0EWQRg1kKkN6NcAc46QoNtYllug0nW6bsla9k7loX6Nz04qhAAkxuspu2YMvjBnf7dWgWzuiBuULtMItFNdH9kl6VpKY4curRpENSiPgxVXyeUUBa5gvzJYuJMHAosnX2G5MwqZUoRON3qHUl0J4C6a0YZSxh3XBBdox1k_262-g28KZo=w1280","https://lh3.googleusercontent.com/sitesv/AAzXCkfA-L-NoJIJHE5VQL5d59qfMM_y4yrvW1-4l9ginz_PeLvFJ_i-lI8ACJlmZqep4KBUv53FkC8JQQn4U-HpKum-dmE2rS-V1QTNuQ6gykc47bcK8oNdMmNwb0xbKJPBnWipaNfUcIdvO4IY-kETIv0-TIIexQB1xW5Hccyb45s_rXMGlh-kTfSHRtvdow-WS5zIABE8qjKJbB5t2kW3vELQrnV8sMyeYsg5rXA=w1280"
"1761871395-63","https://www.framesbyvlad.eu/","https://www.framesbyvlad.eu/%D0%BD%D0%B0%D1%87%D0%B0%D0%BB%D0%BD%D0%B0-%D1%81%D1%82%D1%80%D0%B0%D0%BD%D0%B8%D1%86%D0%B0/%D1%84%D0%BE%D1%82%D0%BE%D1%81%D0%B5%D1%81%D0%B8%D1%8F-%D0%BF%D0%BE%D1%80%D1%82%D1%80%D0%B5%D1%82%D0%B8-%D0%BD%D0%B0-%D0%BE%D1%82%D0%BA%D1%80%D0%B8%D1%82%D0%BE","","",""
"1761871395-64","https://www.framesbyvlad.eu/","https://www.framesbyvlad.eu/%D0%BD%D0%B0%D1%87%D0%B0%D0%BB%D0%BD%D0%B0-%D1%81%D1%82%D1%80%D0%B0%D0%BD%D0%B8%D1%86%D0%B0/%D1%84%D0%BE%D1%82%D0%BE%D1%81%D0%B5%D1%81%D0%B8%D1%8F-%D0%BF%D0%BE%D1%80%D1%82%D1%80%D0%B5%D1%82%D0%B8-%D0%BD%D0%B0-%D0%BE%D1%82%D0%BA%D1%80%D0%B8%D1%82%D0%BE","","",""
"1761871398-65","https://www.framesbyvlad.eu/","https://www.framesbyvlad.eu/%D0%BD%D0%B0%D1%87%D0%B0%D0%BB%D0%BD%D0%B0-%D1%81%D1%82%D1%80%D0%B0%D0%BD%D0%B8%D1%86%D0%B0/%D0%B1%D0%BB%D0%BE%D0%B3","","https://lh3.googleusercontent.com/sitesv/AAzXCkcdc54xxKfe2guB9tlesg-ra6hYje9O0AAvD3vLnAmPeFeKU6dr8o1k2CVikCiR89tFMGdRRqC8nAqb8O5doqmaCZwc6Fyy5l1TI71N-TTNww973mrHhzI0EN6OLAWruZ91EIwl4k_UUnTgGGd4PXuvbymky8j1ZwBHT345X6hJx84xkCslp5ReTYOmH2ugT5rFxmM3eSi8UgZ7",""
"1761871398-66","https://www.framesbyvlad.eu/","https://www.framesbyvlad.eu/%D0%BD%D0%B0%D1%87%D0%B0%D0%BB%D0%BD%D0%B0-%D1%81%D1%82%D1%80%D0%B0%D0%BD%D0%B8%D1%86%D0%B0/%D0%B1%D0%BB%D0%BE%D0%B3","","",""
"1761871398-67","https://www.framesbyvlad.eu/","https://www.framesbyvlad.eu/%D0%BD%D0%B0%D1%87%D0%B0%D0%BB%D0%BD%D0%B0-%D1%81%D1%82%D1%80%D0%B0%D0%BD%D0%B8%D1%86%D0%B0/%D0%B1%D0%BB%D0%BE%D0%B3","","",""
"1761871398-68","https://www.framesbyvlad.eu/","https://www.framesbyvlad.eu/%D0%BD%D0%B0%D1%87%D0%B0%D0%BB%D0%BD%D0%B0-%D1%81%D1%82%D1%80%D0%B0%D0%BD%D0%B8%D1%86%D0%B0/%D0%B1%D0%BB%D0%BE%D0%B3","","",""
"1761871398-69","https://www.framesbyvlad.eu/","https://www.framesbyvlad.eu/%D0%BD%D0%B0%D1%87%D0%B0%D0%BB%D0%BD%D0%B0-%D1%81%D1%82%D1%80%D0%B0%D0%BD%D0%B8%D1%86%D0%B0/%D0%B1%D0%BB%D0%BE%D0%B3","","",""
"1761871400-70","https://www.framesbyvlad.eu/","https://www.framesbyvlad.eu/%D0%BD%D0%B0%D1%87%D0%B0%D0%BB%D0%BD%D0%B0-%D1%81%D1%82%D1%80%D0%B0%D0%BD%D0%B8%D1%86%D0%B0/%D1%87%D0%B5%D1%81%D1%82%D0%BE-%D0%B7%D0%B0%D0%B4%D0%B0%D0%B2%D0%B0%D0%BD%D0%B8-%D0%B2%D1%8A%D0%BF%D1%80%D0%BE%D1%81%D0%B8-%D1%87%D0%B7%D0%B2","","",""
"1761871400-71","https://www.framesbyvlad.eu/","https://www.framesbyvlad.eu/%D0%BD%D0%B0%D1%87%D0%B0%D0%BB%D0%BD%D0%B0-%D1%81%D1%82%D1%80%D0%B0%D0%BD%D0%B8%D1%86%D0%B0/%D1%87%D0%B5%D1%81%D1%82%D0%BE-%D0%B7%D0%B0%D0%B4%D0%B0%D0%B2%D0%B0%D0%BD%D0%B8-%D0%B2%D1%8A%D0%BF%D1%80%D0%BE%D1%81%D0%B8-%D1%87%D0%B7%D0%B2","","",""
"1761871400-72","https://www.framesbyvlad.eu/","https://www.framesbyvlad.eu/%D0%BD%D0%B0%D1%87%D0%B0%D0%BB%D0%BD%D0%B0-%D1%81%D1%82%D1%80%D0%B0%D0%BD%D0%B8%D1%86%D0%B0/%D1%87%D0%B5%D1%81%D1%82%D0%BE-%D0%B7%D0%B0%D0%B4%D0%B0%D0%B2%D0%B0%D0%BD%D0%B8-%D0%B2%D1%8A%D0%BF%D1%80%D0%BE%D1%81%D0%B8-%D1%87%D0%B7%D0%B2","Какъв е Вашият типичен процес, когато работите с нов клиент?","",""
"1761871400-73","https://www.framesbyvlad.eu/","https://www.framesbyvlad.eu/%D0%BD%D0%B0%D1%87%D0%B0%D0%BB%D0%BD%D0%B0-%D1%81%D1%82%D1%80%D0%B0%D0%BD%D0%B8%D1%86%D0%B0/%D1%87%D0%B5%D1%81%D1%82%D0%BE-%D0%B7%D0%B0%D0%B4%D0%B0%D0%B2%D0%B0%D0%BD%D0%B8-%D0%B2%D1%8A%D0%BF%D1%80%D0%BE%D1%81%D0%B8-%D1%87%D0%B7%D0%B2","","",""
"1761871402-74","https://www.framesbyvlad.eu/","https://www.framesbyvlad.eu/%D0%BD%D0%B0%D1%87%D0%B0%D0%BB%D0%BD%D0%B0-%D1%81%D1%82%D1%80%D0%B0%D0%BD%D0%B8%D1%86%D0%B0/%D0%B7%D0%B0-%D0%BC%D0%B5%D0%BD-%D0%BA%D0%BE%D0%BD%D1%82%D0%B0%D0%BA%D1%82%D0%B8-%D1%83%D1%81%D0%BB%D1%83%D0%B3%D0%B8","","",""
"1761871402-75","https://www.framesbyvlad.eu/","https://www.framesbyvlad.eu/%D0%BD%D0%B0%D1%87%D0%B0%D0%BB%D0%BD%D0%B0-%D1%81%D1%82%D1%80%D0%B0%D0%BD%D0%B8%D1%86%D0%B0/%D0%B7%D0%B0-%D0%BC%D0%B5%D0%BD-%D0%BA%D0%BE%D0%BD%D1%82%D0%B0%D0%BA%D1%82%D0%B8-%D1%83%D1%81%D0%BB%D1%83%D0%B3%D0%B8","Контакти","",""
"1761871402-76","https://www.framesbyvlad.eu/","https://www.framesbyvlad.eu/%D0%BD%D0%B0%D1%87%D0%B0%D0%BB%D0%BD%D0%B0-%D1%81%D1%82%D1%80%D0%B0%D0%BD%D0%B8%D1%86%D0%B0/%D0%B7%D0%B0-%D0%BC%D0%B5%D0%BD-%D0%BA%D0%BE%D0%BD%D1%82%D0%B0%D0%BA%D1%82%D0%B8-%D1%83%D1%81%D0%BB%D1%83%D0%B3%D0%B8","","",""
"1761871402-77","https://www.framesbyvlad.eu/","https://www.framesbyvlad.eu/%D0%BD%D0%B0%D1%87%D0%B0%D0%BB%D0%BD%D0%B0-%D1%81%D1%82%D1%80%D0%B0%D0%BD%D0%B8%D1%86%D0%B0/%D0%B7%D0%B0-%D0%BC%D0%B5%D0%BD-%D0%BA%D0%BE%D0%BD%D1%82%D0%B0%D0%BA%D1%82%D0%B8-%D1%83%D1%81%D0%BB%D1%83%D0%B3%D0%B8","","",""
"1761871402-78","https://www.framesbyvlad.eu/","https://www.framesbyvlad.eu/%D0%BD%D0%B0%D1%87%D0%B0%D0%BB%D0%BD%D0%B0-%D1%81%D1%82%D1%80%D0%B0%D0%BD%D0%B8%D1%86%D0%B0/%D0%B7%D0%B0-%D0%BC%D0%B5%D0%BD-%D0%BA%D0%BE%D0%BD%D1%82%D0%B0%D0%BA%D1%82%D0%B8-%D1%83%D1%81%D0%BB%D1%83%D0%B3%D0%B8","","https://lh3.googleusercontent.com/sitesv/AAzXCkcBeUpXHJiQCDsUAnyHNG0wWzgHJUiT2Q0ulLRpOa4yHUKxAyXhsO9iQFMWRu1ZlHmeYFqS9dqpNMK3XlM01K2jzUSG1l9ghVJHGS8SwUAaYy5P-QZpFVjHPpbVSGUGgUOuR2-J0PLOBzm8hnbWzldkJ_GrT-pHHQlkxWEFvJBaR31tblb_4xsahcpu3dkUQcGsleWkTvXDor9SevIUjZTpNZYFUyXU86g_ndA=w1280",""
